<?xml version="1.0" encoding="UTF-8"?><metadata>
    <idinfo>
        <citation>
            <citeinfo>
                <origin/>
                <pubdate>20151028</pubdate>
                <title>Public Water Reservoirs</title>
                <geoform>vector digital data</geoform>
                <pubinfo>
                    <pubplace/>
                    <publish>RIDOH</publish>
                </pubinfo>
                <othercit>Suggested bibliographic reference: RIGIS, 2015. Public Water Reservoirs 2011; pubReservoirs11. Rhode Island Geographic Information System (RIGIS) Data Distribution System, URL: http://www.rigis.org, Environmental Data Center, University of Rhode Island, Kingston, Rhode Island (last date accessed: 30 October 2015).</othercit>
                <onlink>http://services2.arcgis.com/S8zZg9pg23JUEexQ/arcgis/rest/services/Public_water_Reservoirs/FeatureServer</onlink>
                <onlink>http://data.rigis.org/HYDRO/pubReservoirs11.zip</onlink>
                <lworkcit>
                    <citeinfo>
                        <pubdate>19940101</pubdate>
                        <title>Rhode Island Geographic Information System (RIGIS) Data Distribution System</title>
                    </citeinfo>
                </lworkcit>
            </citeinfo>
        </citation>
        <descript>
            <abstract>These reservoirs were selected from the already published RIGIS Lakes5K10 dataset. This dataset fully replaces the published RIGIS Public Water Supply Reservoirs (reservoirs) circa 01/1994.</abstract>
            <purpose>Large public water reservoirs used by public water suppliers in Rhode Island.</purpose>
        </descript>
        <timeperd>
            <timeinfo>
                <sngdate>
                    <caldate>20151028</caldate>
                </sngdate>
            </timeinfo>
            <current>publication date</current>
        </timeperd>
        <status>
            <progress>Complete</progress>
            <update>As needed</update>
        </status>
        <spdom>
            <bounding>
                <westbc>-71.775279</westbc>
                <eastbc>-71.145698</eastbc>
                <northbc>42.043861</northbc>
                <southbc>41.152957</southbc>
            </bounding>
        </spdom>
        <keywords>
            <theme>
                <themekt>ISO 19115 Topic Category</themekt>
                <themekey>inlandWaters</themekey>
            </theme>
            <theme>
                <themekt>None</themekt>
                <themekey>water</themekey>
                <themekey>hydrography</themekey>
                <themekey>drinking</themekey>
                <themekey>reservoirs</themekey>
            </theme>
            <place>
                <placekt>None</placekt>
                <placekey>Rhode Island</placekey>
                <placekey>New England</placekey>
                <placekey>United States</placekey>
                <placekey>northeast</placekey>
            </place>
        </keywords>
        <accconst>None</accconst>
        <useconst>These data are shared under the RIGIS license agreement, which can be viewed below: This
 dataset is provided 'as is.’ The producer(s) of this dataset, 
contributors to this dataset, the Rhode Island Geographic Information 
System (RIGIS) consortium, the State of Rhode Island, and the University
 of Rhode Island do not make any warranties of any kind for this 
dataset, and are not liable for any loss or damage however and whenever 
caused by any use of this dataset.Please acknowledge both RIGIS 
and the primary producer(s) of this dataset in any derived products.  
Versions of the RIGIS logo suitable for both printed and web-based 
products are available at http://www.rigis.org/logos.Additional Use Constraints from Originator:Please consider the source, spatial accuracy, attribute accuracy, 
currentness, and scale of these data before incorporating them into your
 project.</useconst>
        <ptcontac>
            <cntinfo>
                <cntorgp>
                    <cntorg>Center for Drinking Water Quality</cntorg>
                    <cntper>Chief of Drinking Water Quality</cntper>
                </cntorgp>
                <cntaddr>
                    <addrtype>mailing</addrtype>
                    <address>Room 209</address>
                    <address>3 Capitol Hill</address>
                    <city>Providence</city>
                    <state>Rhode Island</state>
                    <postal>02908</postal>
                    <country>US</country>
                </cntaddr>
                <cntvoice>401-222-5960</cntvoice>
                <cntemail>http://health.ri.gov/contact/</cntemail>
                <hours>8:30 - 4:30</hours>
                <cntinst>E-mail preferred</cntinst>
            </cntinfo>
        </ptcontac>
        <datacred>URI EDC, RIGIS; Center for Drinking Water Quality</datacred>
        <native>Microsoft Windows 7 Version 6.1 (Build 7601) Service Pack 1; Esri ArcGIS 10.4.1.5686</native>
    </idinfo>
    <dataqual>
        <logic>Selected hydro-polys of RI and MA used by the larger water suppliers also includes some nearby smaller water bodies. Larger water suppliers are defined by those suppling water greater than 50 million gallons/ per year (&gt;50mgy).</logic>
        <complete>Selected hydro-polys of RI and MA used by the larger water suppliers also includes some nearby smaller water bodies. Larger water suppliers are defined by those suppling water greater than 50 million gallons/ per year (&gt;50mgy).</complete>
        <lineage>
            <srcinfo>
                <srccite>
                    <citeinfo>
                        <pubdate>20101005</pubdate>
                        <title>Lakes and Ponds (1:5,000); lakes5k10</title>
                    </citeinfo>
                </srccite>
                <srcscale>5000</srcscale>
                <typesrc>None</typesrc>
                <srccitea>Lakes and Ponds (1:5,000); lakes5k10</srccitea>
                <srccontr>Selected hydro-polys of RI and MA used by the larger water suppliers also includes some nearby smaller water bodies. Larger water suppliers are defined by those suppling water greater than 50 million gallons/ per year (&gt;50mgy).</srccontr>
            </srcinfo>
            <procstep>
                <procdesc>Selected hydro-polys of RI and MA used by the larger water suppliers also includes some nearby smaller water bodies.</procdesc>
                <procdate>20150901</procdate>
                <proccont>
                    <cntinfo>
                        <cntorgp>
                            <cntorg>Rhode Island Department of Health</cntorg>
                            <cntper>Steve Sawyer</cntper>
                        </cntorgp>
                        <cntaddr>
                            <addrtype>mailing</addrtype>
                            <address>Room 407</address>
                            <address>Cannon Building</address>
                            <city>Providence</city>
                            <state>Rhode Island</state>
                            <postal>02908</postal>
                        </cntaddr>
                        <cntvoice>401-222-1245</cntvoice>
                        <cntemail>steve.sawyer@health.ri.gov</cntemail>
                        <hours>8:30 - 4:30</hours>
                        <cntinst>E-mail preferred</cntinst>
                    </cntinfo>
                </proccont>
            </procstep>
            <procstep>
                <procdesc>Data contributed to RIGIS by the Rhode Island Department of Health. Metadata were adapted and minor updates were made to the content. Source Citation was added for the lakes5k10 from whcih these data were derived. Added Steve Sawyer as the Point of Contact for the first process step. RIGIS distribution information added. Primary metadata source credit is the RI Department of Health.</procdesc>
                <procdate>20151030</procdate>
                <proccont>
                    <cntinfo>
                        <cntorgp>
                            <cntorg>University of Rhode Island Environmental Data Center</cntorg>
                            <cntper>Erica Tefft</cntper>
                        </cntorgp>
                        <cntaddr>
                            <addrtype>mailing and physical</addrtype>
                            <address>1 Greenhouse Road</address>
                            <city>Kingston</city>
                            <state>RI</state>
                            <postal>02881</postal>
                        </cntaddr>
                        <cntvoice>401-874-5054</cntvoice>
                        <cntemail>erica_tefft@mail.uri.edu</cntemail>
                        <cntinst>email preferred</cntinst>
                    </cntinfo>
                </proccont>
            </procstep>
        </lineage>
    </dataqual>
    <spdoinfo>
        <direct>Vector</direct>
        <ptvctinf>
            <sdtsterm>
                <sdtstype>GT-polygon composed of chains</sdtstype>
                <ptvctcnt>50</ptvctcnt>
            </sdtsterm>
        </ptvctinf>
    </spdoinfo>
    <eainfo>
        <detailed>
            <enttyp>
                <enttypl>HYDRO_Public_Water_Supply_Reservoirs</enttypl>
                <enttypd>Public Water Reservoirs 2011</enttypd>
                <enttypds>RI Health Department</enttypds>
            </enttyp>
            <attr>
                <attrlabl>OBJECTID</attrlabl>
                <attrdef>Internal feature number.</attrdef>
                <attrdefs>Esri</attrdefs>
                <attrdomv>
                    					
                    <udom>Sequential unique whole numbers that are automatically generated.</udom>
                    				
                </attrdomv>
            </attr>
            <attr>
                <attrlabl>Shape</attrlabl>
                <attrdef>Feature geometry.</attrdef>
                <attrdefs>Esri</attrdefs>
                <attrdomv>
                    					
                    <udom>Coordinates defining the features.</udom>
                    				
                </attrdomv>
            </attr>
            <attr>
                <attrlabl>Acres</attrlabl>
                <attrdef>Listed acres number per Water body</attrdef>
                <attrdefs>USGS GNIS Names</attrdefs>
                <attrdomv>
                    					
                    <edom>
                        						
                        <edomv>Acres</edomv>
                        						
                        <edomvd>Size in Acres by Drinking water resource inventory and mapping.</edomvd>
                        						
                        <edomvds>Drinking water resource inventory and mapping.</edomvds>
                        					
                    </edom>
                    				
                </attrdomv>
            </attr>
            <attr>
                <attrlabl>Shape_STAr</attrlabl>
            </attr>
            <attr>
                <attrlabl>Shape_STLe</attrlabl>
            </attr>
            <attr>
                <attrlabl>NAME</attrlabl>
                <attrdef>Name of the Water body by Drinking water resource inventory and mapping.</attrdef>
                <attrdefs>Drinking water resource inventory and mapping.</attrdefs>
                <attrdomv>
                    					
                    <edom>
                        						
                        <edomv>Name</edomv>
                        						
                        <edomvd>The name of the Source by Drinking water resource inventory and mapping.</edomvd>
                        						
                        <edomvds>Drinking water resource inventory and mapping.</edomvds>
                        					
                    </edom>
                    				
                </attrdomv>
            </attr>
            <attr>
                <attrlabl>Shape_Length</attrlabl>
                <attrdef>Length of feature in internal units.</attrdef>
                <attrdefs>Esri</attrdefs>
                <attrdomv>
                    					
                    <udom>Positive real numbers that are automatically generated.</udom>
                    				
                </attrdomv>
            </attr>
            <attr>
                <attrlabl>Shape_Area</attrlabl>
                <attrdef>Area of feature in internal units squared.</attrdef>
                <attrdefs>Esri</attrdefs>
                <attrdomv>
                    					
                    <udom>Positive real numbers that are automatically generated.</udom>
                    				
                </attrdomv>
            </attr>
        </detailed>
    </eainfo>
    <distinfo>
        <distrib>
            <cntinfo>
                <cntorgp>
                    <cntorg>University of Rhode Island Environmental Data Center</cntorg>
                    <cntper>Erica Tefft</cntper>
                </cntorgp>
                <cntaddr>
                    <addrtype>mailing and physical</addrtype>
                    <address>1 Greenhouse Road</address>
                    <city>Kingston</city>
                    <state>RI</state>
                    <postal>02881</postal>
                </cntaddr>
                <cntvoice>401-874-5054</cntvoice>
                <cntemail>erica@edc.uri.edu</cntemail>
                <cntinst>email preferred</cntinst>
            </cntinfo>
        </distrib>
        <distliab>See access and use constraints information.</distliab>
        <stdorder>
            <digform>
                <digtinfo>
                    <formname>Esri shapefile</formname>
                    <filedec>ZIP</filedec>
                </digtinfo>
                <digtopt>
                    <onlinopt>
                        <computer>
                            <networka>
                                <networkr>http://www.rigis.org</networkr>
                            </networka>
                        </computer>
                    </onlinopt>
                </digtopt>
            </digform>
            <fees>No fee for downloading directly from the RIGIS Data Distribution System located at http://www.rigis.org.</fees>
        </stdorder>
    </distinfo>
    <metainfo>
        <metd>20161115</metd>
        <metc>
            <cntinfo>
                <cntorgp>
                    <cntorg>RI Department of Health, Drinking Water Quality</cntorg>
                </cntorgp>
                <cntpos>Chief of Drinking Water Quality</cntpos>
                <cntaddr>
                    <addrtype>mailing</addrtype>
                    <address>3 Capitol Hill</address>
                    <address>Room 209</address>
                    <city>Providence</city>
                    <state>Rhode Island</state>
                    <postal>02908</postal>
                    <country>US</country>
                </cntaddr>
                <cntvoice>401-222-5960</cntvoice>
                <cntemail>Please follow directions at - http://health.ri.gov/contact/</cntemail>
                <hours>8:30 - 4:30</hours>
                <cntinst>E-mail preferred</cntinst>
            </cntinfo>
        </metc>
        <metstdn>FGDC Content Standard for Digital Geospatial Metadata</metstdn>
        <metstdv>FGDC-STD-001-1998</metstdv>
        <mettc>local time</mettc>
    </metainfo>
</metadata>
